{
  "uploaded": [],
  "picBed": {
    "current": "github",
    "list": [
      {
        "name": "SM.MS图床",
        "type": "smms",
        "visible": false
      },
      {
        "name": "腾讯云COS",
        "type": "tcyun",
        "visible": false
      },
      {
        "name": "微博图床",
        "type": "weibo",
        "visible": false
      },
      {
        "name": "GitHub图床",
        "type": "github",
        "visible": true
      },
      {
        "name": "七牛图床",
        "type": "qiniu",
        "visible": false
      },
      {
        "name": "Imgur图床",
        "type": "imgur",
        "visible": false
      },
      {
        "name": "阿里云OSS",
        "type": "aliyun",
        "visible": false
      },
      {
        "name": "又拍云图床",
        "type": "upyun",
        "visible": false
      }
    ],
    "transformer": "path"
  },
  "settings": {
    "shortKey": {
      "picgo:upload": {
        "enable": true,
        "key": "CommandOrControl+Shift+P",
        "name": "upload",
        "label": "快捷上传"
      }
    },
    "server": {
      "enable": false,
      "host": "127.0.0.1",
      "port": 36677
    },
    "showUpdateTip": false,
    "rename": false,
    "autoRename": true,
    "uploadNotification": true
  },
  "picgoPlugins": {
    "picgo-plugin-compress": true
  },
  "debug": true,
  "PICGO_ENV": "GUI",
  "needReload": false,
  "picgo-plugin-compress": {
    "compress": "tinypng",
    "key": "hBkrFn62NG7P4vfPbkQwgSH30Kv1Jb8L",
    "nameType": "timestamp"
  }
}